Riders All Time in All Classes,Victories_x,2nd places,3rd places,Pole positions from '74 to 2022,Race fastest lap to 2022,World Championships,Victories_y,NumberofSecond,NumberofThird,Numberof4th,Numberof5th,Numberof6th,Country,Team
,,,,,,,6.0,7.0,8.0,8.0,7.0,7.0,NL,
Abe Norick,3.0,4.0,10.0,,1.0,,,,,,,,,
Abraham Karel,1.0,1.0,,1.0,,,,,,,,,,
Acosta Pedro,6.0,1.0,1.0,1.0,1.0,1.0,,,,,,,,
,,,,,,,1.0,2.0,3.0,3.0,3.0,3.0,BR,
Aegerter Dominique,1.0,1.0,5.0,1.0,1.0,,,,,,,,,
Agostini Duilio,1.0,1.0,1.0,,2.0,,,,,,,,,
Agostini Giacomo,122.0,35.0,2.0,9.0,117.0,15.0,,,,,,,,
Ahearn Jack,1.0,1.0,6.0,,,,,,,,,,,
,,,,,,,1.0,2.0,3.0,3.0,3.0,3.0,GB,
,,,,,,,1.0,3.0,3.0,3.0,4.0,3.0,ZA,
,,,,,,,2.0,4.0,4.0,5.0,5.0,4.0,GB,
,,,,,,,6.0,8.0,8.0,8.0,7.0,7.0,ES,
,,,,,,,2.0,4.0,4.0,5.0,5.0,4.0,IT,
,,,,,,,3.0,4.0,4.0,5.0,5.0,4.0,IT,
,,,,,,,1.0,2.0,2.0,2.0,3.0,3.0,ES,
,,,,,,,1.0,1.0,2.0,2.0,2.0,3.0,ES,
,,,,,,,3.0,5.0,5.0,5.0,5.0,5.0,IT,
,,,,,,,1.0,2.0,3.0,3.0,3.0,3.0,IT,
,,,,,,,7.0,9.0,9.0,9.0,8.0,8.0,BR,
,,,,,,,20.0,17.0,15.0,13.0,13.0,13.0,ES,
,,,,,,,4.0,6.0,6.0,6.0,6.0,6.0,SM,
,,,,,,,2.0,3.0,4.0,4.0,4.0,4.0,ES,
,,,,,,,12.0,12.0,11.0,10.0,10.0,10.0,ES,
,,,,,,,15.0,14.0,13.0,11.0,11.0,10.0,ES,
,,,,,,,2.0,3.0,4.0,4.0,4.0,4.0,FR,
,,,,,,,3.0,4.0,4.0,5.0,5.0,4.0,IT,
,,,,,,,16.0,15.0,13.0,12.0,12.0,11.0,ES,
Alzamora Emilio,4.0,13.0,13.0,1.0,5.0,1.0,,,,,,,,
Amm Ray,6.0,6.0,4.0,,9.0,,,,,,,,,
Anderson Fergus,12.0,5.0,7.0,,12.0,2.0,,,,,,,,
Anderson Hugh,25.0,12.0,11.0,,25.0,4.0,,,,,,,,
Andersson Kent,18.0,15.0,20.0,4.0,9.0,2.0,,,,,,,,
,,,,,,,1.0,2.0,3.0,3.0,3.0,3.0,IT,
,,,,,,,24.0,21.0,17.0,15.0,15.0,14.0,IT,
,,,,,,,13.0,13.0,12.0,11.0,10.0,10.0,IT,
,,,,,,,2.0,3.0,4.0,4.0,4.0,4.0,IT,
,,,,,,,90.0,51.0,40.0,35.0,25.0,21.0,ES,
,,,,,,,2.0,3.0,4.0,4.0,4.0,4.0,IT,
,,,,,,,1.0,1.0,2.0,2.0,2.0,3.0,IT,
Anscheidt Hans-georg,14.0,13.0,7.0,,12.0,3.0,,,,,,,,
,,,,,,,2.0,3.0,4.0,4.0,4.0,4.0,AU,
,,,,,,,42.0,33.0,20.0,19.0,18.0,16.0,DE,
Antonelli Niccolò,4.0,3.0,4.0,9.0,4.0,,,,,,,,,
Aoki Haruchika,9.0,6.0,5.0,6.0,5.0,2.0,,,,,,,,
Aoki Nobuatsu,1.0,2.0,4.0,1.0,1.0,,,,,,,,,
Aoyama Hiroshi,9.0,8.0,10.0,8.0,11.0,1.0,,,,,,,,
Arbolino Tony,4.0,5.0,4.0,6.0,1.0,,,,,,,,,
Arenas Albert,6.0,2.0,2.0,,1.0,1.0,,,,,,,,
Armstrong Reg,7.0,9.0,13.0,,2.0,,,,,,,,,
,,,,,,,7.0,8.0,8.0,8.0,7.0,7.0,FR,
,,,,,,,6.0,8.0,8.0,8.0,7.0,7.0,ES,
,,,,,,,2.0,4.0,4.0,5.0,4.0,4.0,GB,
,,,,,,,1.0,2.0,3.0,3.0,3.0,3.0,IE,
Artigas Xavier,1.0,1.0,,2.0,,,,,,,,,,
,,,,,,,5.0,6.0,6.0,7.0,6.0,6.0,AT,
,,,,,,,3.0,5.0,5.0,6.0,5.0,5.0,ES,
Auinger August,5.0,6.0,7.0,3.0,7.0,,,,,,,,,
Aureal Jean,1.0,,,,,,,,,,,,,
Azuma Masao,10.0,4.0,6.0,2.0,12.0,,,,,,,,,
Bagnaia Francesco,14.0,8.0,11.0,13.0,11.0,1.0,,,,,,,,
Baldassarri Lorenzo,5.0,5.0,2.0,2.0,5.0,,,,,,,,,
Baldé Jean Francois,5.0,10.0,11.0,7.0,4.0,,,,,,,,,
Ballerini Andrea,1.0,,,1.0,,,,,,,,,,
Ballington Kork,31.0,9.0,6.0,19.0,16.0,4.0,,,,,,,,
Barbera Hector,10.0,9.0,13.0,9.0,10.0,,,,,,,,,
Barrington Manliefe,1.0,,,,,,,,,,,,,
Barros Alex,7.0,11.0,14.0,5.0,14.0,,,,,,,,,
,,,,,,,23.0,20.0,17.0,15.0,14.0,14.0,GB,
,,,,,,,4.0,5.0,6.0,6.0,5.0,5.0,AU,
Bastianini Enea,8.0,11.0,17.0,9.0,8.0,1.0,,,,,,,,
Bautista Alvaro,16.0,15.0,18.0,18.0,22.0,1.0,,,,,,,,
Bayliss Troy,1.0,,4.0,,,,,,,,,,,
Beattie Daryl,3.0,7.0,4.0,,1.0,,,,,,,,,
Bell Artie,1.0,3.0,1.0,,1.0,,,,,,,,,
,,,,,,,1.0,2.0,3.0,3.0,3.0,3.0,US,
,,,,,,,1.0,2.0,2.0,2.0,3.0,3.0,AR,
,,,,,,,1.0,2.0,2.0,2.0,3.0,3.0,ES,
Bergamonti Angelo,2.0,5.0,3.0,,2.0,,,,,,,,,
,,,,,,,1.0,2.0,3.0,3.0,3.0,3.0,AT,
Bertin Guy,6.0,5.0,1.0,8.0,8.0,,,,,,,,,
Bezzecchi Marco,6.0,9.0,9.0,4.0,1.0,,,,,,,,,
Biaggi Max,42.0,41.0,28.0,56.0,42.0,4.0,,,,,,,,
Bianchi Pierpaolo,27.0,17.0,17.0,32.0,25.0,3.0,,,,,,,,
,,,,,,,21.0,17.0,16.0,14.0,14.0,13.0,GB,
,,,,,,,9.0,10.0,10.0,10.0,9.0,8.0,GB,
Binder Brad,17.0,13.0,8.0,7.0,12.0,1.0,,,,,,,,
Binder Darryn,1.0,3.0,2.0,3.0,6.0,,,,,,,,,
,,,,,,,3.0,4.0,4.0,5.0,5.0,4.0,GB,
,,,,,,,5.0,7.0,7.0,7.0,6.0,6.0,GB,
,,,,,,,1.0,1.0,2.0,2.0,2.0,3.0,NL,
Bolle Jacques,1.0,2.0,2.0,1.0,1.0,,,,,,,,,
Bonera Gianfranco,2.0,7.0,6.0,1.0,4.0,,,,,,,,,
,,,,,,,4.0,5.0,6.0,6.0,6.0,5.0,SE,
,,,,,,,17.0,15.0,14.0,12.0,12.0,12.0,ZA,
Bradl Helmut,5.0,8.0,8.0,12.0,5.0,,,,,,,,,
Bradl Stefan,7.0,8.0,4.0,8.0,5.0,1.0,,,,,,,,
,,,,,,,3.0,4.0,5.0,5.0,5.0,5.0,GB,
Braun Dieter,14.0,17.0,18.0,,10.0,2.0,,,,,,,,
Brett Jack,1.0,4.0,6.0,,1.0,,,,,,,,,
Brigaglia Domenico,1.0,4.0,4.0,1.0,2.0,,,,,,,,,
Bruins Jan,1.0,1.0,1.0,,,,,,,,,,,
,,,,,,,1.0,2.0,3.0,3.0,3.0,3.0,IT,
,,,,,,,5.0,6.0,7.0,7.0,6.0,6.0,CH,
,,,,,,,4.0,5.0,6.0,6.0,5.0,5.0,IT,
,,,,,,,1.0,2.0,2.0,3.0,3.0,3.0,IT,
Bryans Ralph,10.0,15.0,15.0,,7.0,1.0,,,,,,,,
Buscherini Otello,3.0,5.0,9.0,4.0,8.0,,,,,,,,,
Cadalora Luca,34.0,22.0,16.0,29.0,30.0,3.0,,,,,,,,
,,,,,,,3.0,4.0,5.0,5.0,5.0,5.0,GB,
Caldarella Benedicto,1.0,1.0,2.0,,2.0,,,,,,,,,
,,,,,,,1.0,1.0,2.0,2.0,2.0,2.0,TR,
Canet Aron,6.0,10.0,8.0,7.0,10.0,,,,,,,,,
Cann Maurice,3.0,2.0,,,2.0,,,,,,,,,
Capirossi Loris,29.0,34.0,36.0,41.0,32.0,3.0,,,,,,,,
Cardús Carlos,5.0,12.0,9.0,7.0,5.0,,,,,,,,,
,,,,,,,39.0,31.0,20.0,19.0,18.0,16.0,IT,
,,,,,,,5.0,6.0,7.0,7.0,6.0,6.0,ES,
,,,,,,,2.0,3.0,4.0,4.0,4.0,4.0,ES,
,,,,,,,19.0,16.0,14.0,13.0,13.0,12.0,VE,
Carpenter Phil,1.0,,,,,,,,,,,,,
Carruthers Kel,7.0,9.0,6.0,,8.0,1.0,,,,,,,,
Carter Alan,1.0,,,2.0,,,,,,,,,,
Casanova Bruno,1.0,9.0,6.0,6.0,5.0,,,,,,,,,
,,,,,,,45.0,35.0,25.0,21.0,20.0,17.0,AU,
Casoli Paolo,1.0,,4.0,1.0,,,,,,,,,,
Cañellas Salvador,2.0,1.0,2.0,,1.0,,,,,,,,,
Cecchinello Lucio,7.0,7.0,5.0,4.0,10.0,,,,,,,,,
Cecotto Johnny,14.0,10.0,2.0,22.0,7.0,1.0,,,,,,,,
,,,,,,,5.0,7.0,7.0,8.0,7.0,7.0,GB,
,,,,,,,1.0,3.0,3.0,3.0,4.0,3.0,NL,
Celso-santos Adu,1.0,,2.0,,,,,,,,,,,
Chantra Somkiat,1.0,1.0,,,2.0,,,,,,,,,
,,,,,,,3.0,5.0,5.0,5.0,5.0,5.0,GB,
,,,,,,,7.0,8.0,9.0,9.0,7.0,7.0,GB,
Checa Carlos,2.0,14.0,8.0,3.0,5.0,,,,,,,,,
Chevallier Olivier,1.0,2.0,4.0,1.0,,,,,,,,,,
Chili Pierfrancesco,5.0,2.0,4.0,5.0,4.0,,,,,,,,,
,,,,,,,1.0,2.0,2.0,2.0,3.0,3.0,AU,
,,,,,,,7.0,9.0,9.0,9.0,8.0,8.0,FR,
Cluzel Jules,1.0,1.0,1.0,,1.0,,,,,,,,,
Coleman Rod,1.0,4.0,6.0,,1.0,,,,,,,,,
Colnago Giuseppe,1.0,1.0,,,,,,,,,,,,
Conforti Pier Luigi,1.0,1.0,2.0,,,,,,,,,,,
Copeta Angelo,1.0,1.0,,,,,,,,,,,,
Cornu Jacques,3.0,7.0,11.0,3.0,3.0,,,,,,,,,
Corsi Simone,5.0,4.0,12.0,5.0,2.0,,,,,,,,,
Cortese Sandro,7.0,10.0,12.0,10.0,11.0,1.0,,,,,,,,
Crafar Simon,1.0,1.0,1.0,1.0,2.0,,,,,,,,,
Creith R.,1.0,1.0,,,,,,,,,,,,
Criville Alex,20.0,21.0,25.0,12.0,20.0,2.0,,,,,,,,
,,,,,,,2.0,3.0,4.0,4.0,4.0,4.0,IE,
Crutchlow Cal,3.0,6.0,10.0,4.0,4.0,,,,,,,,,
Czihak Edmund,1.0,,,1.0,,,,,,,,,,
,,,,,,,17.0,15.0,14.0,12.0,12.0,12.0,JP,
Dale Dickie,2.0,5.0,5.0,,2.0,,,,,,,,,
Dalla Porta Lorenzo,5.0,9.0,2.0,1.0,3.0,1.0,,,,,,,,
,,,,,,,54.0,35.0,26.0,22.0,21.0,19.0,ES,
Daniell Harold,1.0,2.0,,,,,,,,,,,,
,,,,,,,2.0,4.0,4.0,4.0,4.0,4.0,IT,
,,,,,,,8.0,9.0,9.0,9.0,8.0,8.0,GB,
,,,,,,,5.0,6.0,6.0,7.0,6.0,6.0,IT,
,,,,,,,1.0,2.0,3.0,3.0,3.0,3.0,ZA,
,,,,,,,3.0,4.0,5.0,5.0,5.0,5.0,AU,
,,,,,,,11.0,11.0,11.0,10.0,9.0,9.0,GB,
De Angelis Alex,4.0,19.0,17.0,11.0,18.0,,,,,,,,,
De Puniet Randy,5.0,8.0,11.0,9.0,4.0,,,,,,,,,
De Radigues Didier,4.0,8.0,3.0,12.0,3.0,,,,,,,,,
De Vries Jan,14.0,9.0,4.0,,13.0,2.0,,,,,,,,
Debon Alex,2.0,3.0,2.0,4.0,3.0,,,,,,,,,
Degner Ernst,15.0,11.0,12.0,,13.0,1.0,,,,,,,,
,,,,,,,7.0,9.0,9.0,9.0,8.0,8.0,IT,
,,,,,,,1.0,1.0,2.0,2.0,2.0,3.0,NZ,
,,,,,,,1.0,1.0,2.0,2.0,2.0,2.0,GB,
Di Giannantonio Fabio,3.0,10.0,9.0,1.0,3.0,,,,,,,,,
Di Meglio Mike,5.0,6.0,2.0,3.0,4.0,1.0,,,,,,,,
,,,,,,,2.0,4.0,4.0,4.0,4.0,4.0,GB,
,,,,,,,4.0,6.0,6.0,6.0,6.0,6.0,BE,
,,,,,,,14.0,13.0,12.0,11.0,11.0,10.0,DE,
,,,,,,,14.0,13.0,12.0,11.0,10.0,10.0,DE,
Dodds John,4.0,6.0,11.0,3.0,4.0,,,,,,,,,
,,,,,,,1.0,3.0,4.0,4.0,4.0,4.0,IT,
,,,,,,,3.0,5.0,5.0,6.0,5.0,5.0,CH,
,,,,,,,4.0,6.0,6.0,6.0,6.0,6.0,FR,
Doohan Mick,54.0,31.0,10.0,58.0,46.0,5.0,,,,,,,,
Doran William,2.0,3.0,3.0,,2.0,,,,,,,,,
,,,,,,,6.0,7.0,8.0,8.0,7.0,7.0,IT,
Dovizioso Andrea,24.0,39.0,40.0,20.0,22.0,1.0,,,,,,,,
Drapal Janos,4.0,,1.0,,2.0,,,,,,,,,
Duff Mike,3.0,9.0,12.0,,5.0,,,,,,,,,
,,,,,,,1.0,1.0,2.0,2.0,2.0,3.0,IT,
Duke Geoff,33.0,7.0,10.0,,29.0,6.0,,,,,,,,
Dörflinger Stefan,18.0,27.0,13.0,34.0,,4.0,,,,,,,,
,,,,,,,31.0,25.0,19.0,17.0,17.0,15.0,US,
,,,,,,,1.0,2.0,3.0,3.0,3.0,3.0,AT,
,,,,,,,1.0,2.0,3.0,3.0,3.0,3.0,DE,
,,,,,,,1.0,2.0,3.0,3.0,3.0,3.0,DE,
,,,,,,,2.0,4.0,4.0,5.0,4.0,4.0,ES,
Ekerold Jonnie,7.0,6.0,6.0,2.0,,1.0,,,,,,,,
Elias Toni,17.0,13.0,13.0,12.0,12.0,1.0,,,,,,,,
,,,,,,,4.0,5.0,6.0,6.0,5.0,5.0,ES,
,,,,,,,3.0,4.0,5.0,5.0,5.0,5.0,IT,
Emmerich Ingo,1.0,1.0,,,,,,,,,,,,
,,,,,,,8.0,10.0,10.0,9.0,9.0,8.0,IT,
,,,,,,,7.0,9.0,9.0,9.0,8.0,8.0,IT,
,,,,,,,5.0,6.0,7.0,7.0,6.0,6.0,BR,
,,,,,,,2.0,4.0,4.0,4.0,4.0,4.0,FR,
,,,,,,,15.0,14.0,13.0,11.0,11.0,11.0,DE,
Espargaro Aleix,1.0,1.0,3.0,3.0,1.0,,,,,,,,,
Espargaro Pol,15.0,15.0,22.0,20.0,16.0,1.0,,,,,,,,
,,,,,,,27.0,23.0,17.0,16.0,16.0,14.0,IT,
,,,,,,,9.0,10.0,10.0,9.0,9.0,8.0,IT,
,,,,,,,3.0,4.0,4.0,5.0,5.0,4.0,IT,
,,,,,,,10.0,11.0,11.0,10.0,9.0,9.0,FR,
Faubel Hector,8.0,7.0,11.0,3.0,9.0,,,,,,,,,
,,,,,,,21.0,17.0,16.0,14.0,13.0,13.0,IT,
,,,,,,,1.0,2.0,2.0,2.0,3.0,3.0,IT,
Felgenheier Roland,1.0,,,,,,,,,,,,,
Fenati Romano,13.0,11.0,5.0,7.0,15.0,,,,,,,,,
,,,,,,,12.0,12.0,11.0,10.0,9.0,9.0,GB,
Fernandez Augusto,3.0,1.0,7.0,1.0,6.0,,,,,,,,,
Fernandez Patrick,3.0,6.0,17.0,4.0,1.0,,,,,,,,,
Fernandez Raul,10.0,3.0,3.0,13.0,8.0,,,,,,,,,
Ferrari Virginio,2.0,6.0,2.0,1.0,3.0,,,,,,,,,
Ferri Romolo,1.0,6.0,,,4.0,,,,,,,,,
Filice Jim,1.0,1.0,,,,,,,,,,,,
Findlay Jack,3.0,9.0,13.0,1.0,1.0,,,,,,,,,
Foggia Dennis,7.0,5.0,6.0,,3.0,,,,,,,,,
Folger Jonas,5.0,7.0,12.0,6.0,8.0,,,,,,,,,
,,,,,,,5.0,6.0,7.0,7.0,6.0,6.0,ES,
,,,,,,,14.0,14.0,13.0,11.0,11.0,10.0,IT,
,,,,,,,11.0,11.0,11.0,10.0,9.0,9.0,IT,
,,,,,,,7.0,9.0,9.0,9.0,8.0,8.0,IT,
,,,,,,,3.0,5.0,5.0,5.0,5.0,5.0,GB,
,,,,,,,4.0,6.0,6.0,6.0,6.0,6.0,,
,,,,,,,5.0,7.0,7.0,7.0,6.0,6.0,GB,
,,,,,,,27.0,23.0,18.0,16.0,16.0,14.0,US,
Freymond Roland,1.0,6.0,3.0,,1.0,,,,,,,,,
Frith Freddie,5.0,,,,5.0,1.0,,,,,,,,
,,,,,,,1.0,1.0,2.0,2.0,3.0,3.0,DE,
,,,,,,,1.0,1.0,2.0,2.0,3.0,3.0,JP,
Fügner Horst,1.0,1.0,1.0,,,,,,,,,,,
,,,,,,,9.0,10.0,10.0,9.0,9.0,8.0,HU,
Gadea Sergio,3.0,6.0,9.0,2.0,6.0,,,,,,,,,
Gandossi Alberto,2.0,1.0,1.0,,2.0,,,,,,,,,
Garcia Sergio,6.0,7.0,,2.0,4.0,,,,,,,,,
Gardner Remy,6.0,8.0,3.0,6.0,5.0,1.0,,,,,,,,
Gardner Wayne,18.0,20.0,14.0,19.0,19.0,1.0,,,,,,,,
Garriga Juan,3.0,4.0,6.0,2.0,11.0,,,,,,,,,
,,,,,,,5.0,7.0,7.0,7.0,7.0,7.0,AU,
,,,,,,,19.0,17.0,15.0,13.0,13.0,13.0,,
,,,,,,,33.0,25.0,19.0,17.0,17.0,15.0,GB,
,,,,,,,1.0,1.0,2.0,2.0,2.0,3.0,AT,
,,,,,,,1.0,2.0,3.0,3.0,3.0,3.0,DE,
,,,,,,,4.0,6.0,6.0,6.0,6.0,6.0,DE,
,,,,,,,122.0,67.0,53.0,48.0,34.0,24.0,IT,
,,,,,,,2.0,3.0,4.0,4.0,4.0,4.0,IT,
,,,,,,,2.0,4.0,4.0,4.0,4.0,4.0,IT,
,,,,,,,3.0,5.0,5.0,5.0,5.0,5.0,IT,
Gianola Ezio,9.0,13.0,8.0,12.0,10.0,,,,,,,,,
Gibernau Sete,9.0,14.0,7.0,13.0,8.0,,,,,,,,,
,,,,,,,4.0,6.0,6.0,6.0,6.0,6.0,IT,
,,,,,,,1.0,3.0,3.0,3.0,4.0,4.0,NZ,
,,,,,,,1.0,2.0,2.0,3.0,3.0,3.0,GB,
Goi Ivan,1.0,1.0,,,,,,,,,,,,
Gould Rodney,10.0,16.0,8.0,,8.0,1.0,,,,,,,,
Graf Ulrich,1.0,4.0,4.0,1.0,,,,,,,,,,
Graham Stuart,2.0,7.0,5.0,,1.0,,,,,,,,,
Gramigni Alessandro,3.0,3.0,6.0,3.0,,1.0,,,,,,,,
Grant Mike,3.0,3.0,3.0,1.0,4.0,,,,,,,,,
Grassetti Silvio,3.0,7.0,11.0,,3.0,,,,,,,,,
,,,,,,,3.0,4.0,5.0,5.0,5.0,5.0,IT,
,,,,,,,10.0,10.0,10.0,10.0,9.0,9.0,AU,
Gresini Fausto,21.0,15.0,11.0,17.0,13.0,2.0,,,,,,,,
Guevara Izan,1.0,1.0,,1.0,4.0,,,,,,,,,
,,,,,,,1.0,3.0,3.0,3.0,4.0,4.0,IT,
,,,,,,,1.0,2.0,2.0,3.0,3.0,3.0,IT,
Guilleux Herve,1.0,1.0,2.0,,,,,,,,,,,
Gustafsson Leif,1.0,1.0,,,,,,,,,,,,
,,,,,,,6.0,8.0,8.0,8.0,7.0,7.0,FR,
,,,,,,,1.0,1.0,2.0,2.0,2.0,2.0,CH,
Haas Werner,11.0,7.0,,1.0,11.0,3.0,,,,,,,,
Hailwood Mike,76.0,25.0,11.0,,79.0,9.0,,,,,,,,
,,,,,,,9.0,10.0,10.0,9.0,9.0,8.0,NL,
,,,,,,,14.0,13.0,12.0,11.0,11.0,10.0,DE,
Hansford Greg,10.0,14.0,1.0,11.0,5.0,,,,,,,,,
Harada Tetsuya,17.0,26.0,12.0,21.0,21.0,1.0,,,,,,,,
,,,,,,,1.0,3.0,3.0,4.0,4.0,4.0,GB,
Hartle John,5.0,21.0,8.0,,2.0,,,,,,,,,
Hartog Wil,5.0,2.0,5.0,,2.0,,,,,,,,,
,,,,,,,9.0,10.0,10.0,9.0,9.0,8.0,JP,
Hasegawa Horoshi,1.0,1.0,,1.0,,,,,,,,,,
Hayden Nicky,3.0,6.0,19.0,5.0,7.0,1.0,,,,,,,,
,,,,,,,10.0,11.0,11.0,10.0,9.0,9.0,ES,
,,,,,,,8.0,9.0,9.0,9.0,8.0,8.0,ES,
,,,,,,,5.0,6.0,6.0,7.0,6.0,6.0,DE,
,,,,,,,2.0,3.0,4.0,4.0,4.0,4.0,DE,
,,,,,,,7.0,9.0,9.0,9.0,7.0,7.0,NL,
Hennen Pat,3.0,5.0,4.0,,,,,,,,,,,
,,,,,,,4.0,6.0,6.0,7.0,6.0,6.0,DE,
,,,,,,,1.0,2.0,2.0,2.0,3.0,3.0,DE,
Herrero Santiago,4.0,4.0,3.0,,3.0,,,,,,,,,
Herreros Manuel,2.0,12.0,8.0,,,1.0,,,,,,,,
,,,,,,,2.0,4.0,4.0,5.0,5.0,4.0,ES,
Herron Tom,2.0,4.0,8.0,3.0,1.0,,,,,,,,,
,,,,,,,1.0,3.0,4.0,4.0,4.0,4.0,FR,
Herweh Manfred,6.0,,6.0,3.0,3.0,,,,,,,,,
,,,,,,,3.0,4.0,5.0,5.0,5.0,5.0,JP,
,,,,,,,9.0,10.0,10.0,9.0,9.0,8.0,JP,
Hocking Gary,19.0,12.0,2.0,,21.0,2.0,,,,,,,,
,,,,,,,1.0,2.0,2.0,3.0,3.0,3.0,JP,
,,,,,,,1.0,3.0,3.0,3.0,4.0,3.0,DE,
Huberts Jan,2.0,1.0,2.0,,3.0,,,,,,,,,
,,,,,,,25.0,22.0,17.0,16.0,15.0,14.0,NZ,
,,,,,,,1.0,2.0,3.0,3.0,3.0,3.0,GB,
Iannone Andrea,13.0,8.0,14.0,10.0,17.0,,,,,,,,,
,,,,,,,1.0,1.0,2.0,2.0,2.0,3.0,DE,
Ireland Dennis,1.0,,,,,,,,,,,,,
,,,,,,,1.0,2.0,3.0,3.0,3.0,3.0,JP,
Ito Fumio,1.0,3.0,,,2.0,,,,,,,,,
Itoh Mitsuo,2.0,3.0,8.0,,1.0,,,,,,,,,
,,,,,,,1.0,2.0,3.0,3.0,3.0,3.0,IT,
,,,,,,,2.0,4.0,4.0,4.0,4.0,4.0,VE,
Ivy Bill,21.0,15.0,6.0,,29.0,1.0,,,,,,,,
,,,,,,,1.0,2.0,3.0,3.0,3.0,3.0,ES,
,,,,,,,1.0,1.0,2.0,2.0,2.0,3.0,AU,
,,,,,,,1.0,2.0,3.0,3.0,3.0,3.0,GB,
,,,,,,,3.0,4.0,5.0,5.0,5.0,5.0,AU,
,,,,,,,2.0,3.0,4.0,4.0,4.0,4.0,NL,
,,,,,,,9.0,10.0,10.0,9.0,9.0,8.0,AU,
Jacque Olivier,7.0,15.0,13.0,17.0,9.0,1.0,,,,,,,,
,,,,,,,1.0,2.0,2.0,3.0,3.0,3.0,FR,
,,,,,,,3.0,4.0,5.0,5.0,5.0,5.0,CH,
,,,,,,,1.0,2.0,3.0,3.0,3.0,3.0,NL,
,,,,,,,14.0,14.0,13.0,11.0,11.0,10.0,NL,
,,,,,,,2.0,3.0,4.0,4.0,4.0,4.0,NL,
,,,,,,,4.0,6.0,6.0,6.0,6.0,6.0,HU,
Jansson Borje,4.0,8.0,13.0,,3.0,,,,,,,,,
,,,,,,,15.0,14.0,13.0,11.0,11.0,11.0,FI,
,,,,,,,5.0,6.0,6.0,7.0,6.0,6.0,ES,
,,,,,,,1.0,3.0,4.0,4.0,4.0,4.0,FR,
,,,,,,,1.0,2.0,3.0,3.0,3.0,3.0,FR,
,,,,,,,5.0,6.0,7.0,7.0,6.0,6.0,FR,
,,,,,,,1.0,1.0,2.0,2.0,2.0,3.0,FR,
,,,,,,,3.0,4.0,5.0,5.0,5.0,5.0,FR,
Jefferies Tony,1.0,1.0,,,,,,,,,,,,
,,,,,,,1.0,2.0,2.0,3.0,3.0,3.0,GB,
,,,,,,,1.0,1.0,2.0,2.0,3.0,3.0,US,
,,,,,,,45.0,34.0,25.0,20.0,19.0,17.0,,
,,,,,,,12.0,12.0,11.0,10.0,9.0,9.0,ES,
,,,,,,,16.0,14.0,13.0,11.0,12.0,11.0,FR,
,,,,,,,4.0,5.0,6.0,6.0,6.0,5.0,AU,
,,,,,,,5.0,7.0,7.0,7.0,7.0,6.0,GB,
,,,,,,,13.0,13.0,12.0,11.0,10.0,10.0,US,
,,,,,,,3.0,5.0,6.0,6.0,5.0,5.0,GB,
,,,,,,,1.0,3.0,3.0,3.0,3.0,3.0,GB,
,,,,,,,38.0,31.0,20.0,19.0,17.0,16.0,GB,
,,,,,,,1.0,1.0,2.0,2.0,2.0,3.0,GB,
,,,,,,,14.0,13.0,12.0,11.0,11.0,10.0,VE,
,,,,,,,5.0,7.0,7.0,8.0,7.0,7.0,DE,
,,,,,,,7.0,8.0,9.0,8.0,7.0,7.0,ZA,
,,,,,,,3.0,4.0,5.0,5.0,5.0,5.0,ES,
,,,,,,,1.0,2.0,3.0,3.0,3.0,3.0,AR,
,,,,,,,68.0,39.0,28.0,25.0,22.0,20.0,ES,
,,,,,,,11.0,12.0,11.0,10.0,9.0,9.0,ES,
,,,,,,,37.0,27.0,20.0,19.0,17.0,16.0,ES,
,,,,,,,2.0,4.0,4.0,5.0,5.0,4.0,ES,
,,,,,,,1.0,2.0,3.0,3.0,3.0,3.0,NL,
,,,,,,,3.0,4.0,5.0,5.0,5.0,5.0,ES,
,,,,,,,1.0,3.0,3.0,3.0,4.0,3.0,FR,
,,,,,,,8.0,9.0,9.0,9.0,8.0,8.0,ES,
,,,,,,,3.0,5.0,6.0,6.0,5.0,5.0,BE,
Kafka Gerd,1.0,1.0,,,,,,,,,,,,
,,,,,,,1.0,2.0,3.0,3.0,3.0,3.0,JP,
Kallio Mika,16.0,24.0,9.0,18.0,12.0,,,,,,,,,
Kanaya Hideo,3.0,6.0,6.0,2.0,4.0,,,,,,,,,
,,,,,,,1.0,3.0,4.0,4.0,4.0,4.0,CZ,
Kassner Helmut,2.0,,,,1.0,,,,,,,,,
Katayama Takazumi,11.0,11.0,13.0,5.0,6.0,1.0,,,,,,,,
Katayama Yoshimi,4.0,5.0,3.0,,6.0,,,,,,,,,
Kato Daijiro,17.0,5.0,5.0,11.0,11.0,1.0,,,,,,,,
Kavanagh Ken,5.0,11.0,8.0,,6.0,,,,,,,,,
,,,,,,,11.0,12.0,11.0,10.0,9.0,9.0,JP,
,,,,,,,3.0,4.0,4.0,5.0,5.0,4.0,AU,
,,,,,,,7.0,9.0,9.0,9.0,7.0,7.0,AU,
,,,,,,,5.0,6.0,6.0,7.0,6.0,6.0,AU,
,,,,,,,1.0,2.0,3.0,3.0,3.0,3.0,NZ,
,,,,,,,1.0,3.0,3.0,4.0,4.0,4.0,JP,
,,,,,,,24.0,21.0,17.0,15.0,15.0,14.0,US,
,,,,,,,8.0,9.0,9.0,9.0,8.0,8.0,US,
,,,,,,,18.0,16.0,14.0,13.0,13.0,12.0,SE,
,,,,,,,1.0,2.0,3.0,3.0,3.0,3.0,AU,
,,,,,,,25.0,22.0,17.0,15.0,15.0,14.0,US,
,,,,,,,2.0,3.0,4.0,4.0,4.0,4.0,MT,
,,,,,,,1.0,1.0,2.0,2.0,2.0,3.0,NZ,
Kissling Jorge,1.0,2.0,,,,,,,,,,,,
Kneubühler Bruno,5.0,13.0,15.0,5.0,4.0,,,,,,,,,
Kobayashi Masaru,1.0,1.0,,1.0,,,,,,,,,,
Kocinski John,13.0,12.0,10.0,20.0,15.0,1.0,,,,,,,,
Korhonen Pentti,1.0,2.0,7.0,1.0,,,,,,,,,,
,,,,,,,31.0,25.0,19.0,17.0,16.0,15.0,ZA,
Koyama Tomoyoshi,1.0,5.0,3.0,,,,,,,,,,,
,,,,,,,4.0,5.0,6.0,6.0,5.0,5.0,JP,
Laconi Regis,1.0,1.0,1.0,,,,,,,,,,,
Lansivuori Teuvo,8.0,10.0,9.0,12.0,12.0,,,,,,,,,
Lavado Carlos,19.0,15.0,8.0,22.0,13.0,2.0,,,,,,,,
Lawson Eddie,31.0,31.0,16.0,18.0,21.0,4.0,,,,,,,,
Lazzarini Eugenio,27.0,35.0,19.0,35.0,15.0,3.0,,,,,,,,
Lega Mario,1.0,4.0,4.0,,1.0,1.0,,,,,,,,
,,,,,,,1.0,3.0,3.0,3.0,4.0,3.0,SE,
Leoni Guido,1.0,,,,,,,,,,,,,
,,,,,,,8.0,9.0,9.0,9.0,8.0,8.0,GB,
Liberati Libero,6.0,4.0,4.0,,3.0,1.0,,,,,,,,
,,,,,,,6.0,8.0,8.0,8.0,7.0,7.0,IT,
,,,,,,,1.0,1.0,2.0,2.0,2.0,3.0,BE,
Locatelli Roberto,9.0,7.0,9.0,18.0,10.0,1.0,,,,,,,,
Lodewijkx Paul,4.0,1.0,1.0,,2.0,,,,,,,,,
Loi Livio,1.0,1.0,,,1.0,,,,,,,,,
Lomas Bill,9.0,3.0,4.0,,14.0,2.0,,,,,,,,
Lorenzetti Enrico,7.0,7.0,7.0,,6.0,1.0,,,,,,,,
,,,,,,,5.0,6.0,7.0,7.0,6.0,6.0,IT,
,,,,,,,5.0,7.0,7.0,7.0,7.0,6.0,IT,
Lorenzo Jorge,68.0,51.0,33.0,69.0,37.0,5.0,,,,,,,,
,,,,,,,29.0,23.0,18.0,16.0,16.0,15.0,IT,
,,,,,,,8.0,9.0,9.0,9.0,8.0,8.0,IT,
,,,,,,,1.0,2.0,3.0,3.0,3.0,3.0,FR,
Lowes Sam,9.0,5.0,10.0,17.0,9.0,,,,,,,,,
,,,,,,,34.0,26.0,19.0,18.0,17.0,16.0,IT,
,,,,,,,6.0,8.0,8.0,8.0,7.0,7.0,IT,
Lucchi Marcellino,1.0,2.0,2.0,3.0,1.0,,,,,,,,,
Lucchinelli Marco,6.0,7.0,6.0,9.0,9.0,1.0,,,,,,,,
,,,,,,,7.0,9.0,9.0,9.0,7.0,7.0,IT,
,,,,,,,30.0,24.0,19.0,16.0,16.0,15.0,CH,
,,,,,,,9.0,10.0,10.0,9.0,9.0,8.0,ES,
,,,,,,,2.0,4.0,4.0,4.0,4.0,4.0,CZ,
,,,,,,,1.0,3.0,3.0,3.0,4.0,3.0,DE,
,,,,,,,1.0,3.0,3.0,3.0,4.0,3.0,DE,
Luthi Thomas,17.0,23.0,25.0,12.0,19.0,1.0,,,,,,,,
,,,,,,,2.0,3.0,4.0,4.0,4.0,4.0,JP,
Mamola Randy,13.0,25.0,19.0,5.0,12.0,,,,,,,,,
Manako Tomomi,6.0,8.0,9.0,,7.0,,,,,,,,,
,,,,,,,6.0,7.0,8.0,8.0,7.0,7.0,DE,
Mang Anton,42.0,25.0,17.0,34.0,26.0,5.0,,,,,,,,
,,,,,,,1.0,2.0,2.0,3.0,3.0,3.0,IE,
,,,,,,,2.0,3.0,4.0,4.0,4.0,4.0,ES,
,,,,,,,12.0,12.0,11.0,10.0,9.0,9.0,SM,
,,,,,,,85.0,44.0,36.0,28.0,23.0,21.0,ES,
,,,,,,,6.0,8.0,8.0,8.0,7.0,7.0,IT,
,,,,,,,6.0,8.0,8.0,8.0,7.0,7.0,IT,
,,,,,,,22.0,19.0,16.0,14.0,14.0,13.0,IT,
,,,,,,,14.0,13.0,12.0,11.0,10.0,10.0,IT,
,,,,,,,2.0,3.0,4.0,4.0,4.0,4.0,ES,
Marini Luca,6.0,6.0,3.0,5.0,5.0,,,,,,,,,
,,,,,,,1.0,2.0,3.0,3.0,3.0,3.0,IT,
Marquez Alex,12.0,16.0,12.0,15.0,17.0,2.0,,,,,,,,
Marquez Marc,85.0,36.0,17.0,90.0,75.0,8.0,,,,,,,,
Marsovszky Gyula,1.0,2.0,5.0,,,,,,,,,,,
Martin Jorge,11.0,10.0,12.0,27.0,8.0,1.0,,,,,,,,
,,,,,,,3.0,4.0,5.0,5.0,5.0,5.0,DE,
Martinez Jorge,37.0,14.0,10.0,42.0,11.0,4.0,,,,,,,,
,,,,,,,5.0,7.0,7.0,7.0,7.0,6.0,JP,
,,,,,,,10.0,11.0,10.0,10.0,9.0,9.0,JP,
,,,,,,,1.0,2.0,2.0,2.0,3.0,3.0,JP,
Masbou Alexis,2.0,1.0,1.0,1.0,1.0,,,,,,,,,
Masetti Umberto,6.0,9.0,6.0,,1.0,2.0,,,,,,,,
Masia Jaume,5.0,5.0,3.0,4.0,11.0,,,,,,,,,
,,,,,,,5.0,6.0,6.0,7.0,6.0,6.0,IT,
,,,,,,,12.0,12.0,11.0,10.0,10.0,10.0,IT,
,,,,,,,3.0,5.0,5.0,5.0,5.0,5.0,GB,
,,,,,,,2.0,4.0,4.0,5.0,4.0,4.0,IT,
,,,,,,,25.0,22.0,17.0,15.0,15.0,14.0,ES,
,,,,,,,42.0,33.0,22.0,20.0,18.0,16.0,IT,
Mccandless Cromie,2.0,,1.0,,1.0,,,,,,,,,
Mcconnachie Ian,1.0,2.0,4.0,1.0,,,,,,,,,,
Mccullough Ray,1.0,1.0,,1.0,,,,,,,,,,
Mcintyre Bob,5.0,14.0,6.0,,9.0,,,,,,,,,
Mcphee John,3.0,6.0,6.0,5.0,2.0,,,,,,,,,
Mcwilliams Jeremy,1.0,1.0,4.0,3.0,,,,,,,,,,
Melandri Marco,22.0,20.0,20.0,9.0,16.0,1.0,,,,,,,,
Mendogni Emilio,3.0,3.0,3.0,,2.0,,,,,,,,,
,,,,,,,1.0,2.0,3.0,3.0,3.0,3.0,CH,
,,,,,,,3.0,5.0,6.0,6.0,5.0,5.0,FR,
,,,,,,,1.0,2.0,2.0,2.0,3.0,3.0,IT,
,,,,,,,54.0,36.0,27.0,24.0,22.0,19.0,AU,
Middelburg Jack,2.0,1.0,1.0,2.0,1.0,,,,,,,,,
Migno Andrea,2.0,3.0,6.0,4.0,4.0,,,,,,,,,
,,,,,,,16.0,15.0,13.0,12.0,12.0,11.0,PT,
,,,,,,,16.0,15.0,13.0,12.0,12.0,11.0,FI,
,,,,,,,6.0,7.0,7.0,8.0,7.0,7.0,FR,
,,,,,,,3.0,4.0,5.0,5.0,5.0,5.0,CA,
,,,,,,,3.0,4.0,5.0,5.0,5.0,5.0,GB,
,,,,,,,76.0,41.0,33.0,26.0,22.0,20.0,GB,
Milani Alfredo,3.0,4.0,2.0,,3.0,,,,,,,,,
Miller Jack,9.0,4.0,13.0,9.0,3.0,,,,,,,,,
Minter Derek,1.0,3.0,4.0,,,,,,,,,,,
,,,,,,,1.0,2.0,2.0,2.0,3.0,3.0,ES,
Mir Joan,12.0,10.0,11.0,2.0,7.0,2.0,,,,,,,,
,,,,,,,2.0,3.0,4.0,4.0,4.0,4.0,JP,
Miyazaki Osamu,1.0,,,1.0,,,,,,,,,,
Molloy Ginger,1.0,9.0,3.0,,,,,,,,,,,
Monneret Pierre,2.0,2.0,4.0,,2.0,,,,,,,,,
Morbidelli Franco,11.0,6.0,10.0,8.0,14.0,1.0,,,,,,,,
Mortimer Chas,7.0,17.0,15.0,3.0,5.0,,,,,,,,,
Mudford Ken,1.0,,,1.0,,,,,,,,,,
Nagashima Tetsuta,1.0,1.0,,1.0,2.0,,,,,,,,,
Nakagami Takaaki,2.0,4.0,8.0,6.0,1.0,,,,,,,,,
Nakano Shinya,6.0,7.0,8.0,5.0,9.0,,,,,,,,,
Nash Godfrey,1.0,1.0,,1.0,,,,,,,,,,
Navarro Jorge,2.0,8.0,9.0,5.0,4.0,,,,,,,,,
,,,,,,,4.0,6.0,6.0,7.0,6.0,6.0,IT,
,,,,,,,4.0,6.0,6.0,6.0,6.0,6.0,IT,
Newbold John,1.0,1.0,,,1.0,,,,,,,,,
Newcombe Kim,1.0,1.0,4.0,,1.0,,,,,,,,,
,,,,,,,4.0,5.0,6.0,6.0,5.0,5.0,IT,
,,,,,,,3.0,4.0,5.0,5.0,5.0,5.0,US,
,,,,,,,16.0,15.0,13.0,12.0,12.0,11.0,ES,
Nieto Angel,90.0,35.0,14.0,34.0,81.0,13.0,,,,,,,,
Nieto Fonsi,5.0,5.0,8.0,12.0,7.0,,,,,,,,,
Nieto Pablo,1.0,1.0,6.0,3.0,5.0,,,,,,,,,
,,,,,,,2.0,3.0,4.0,4.0,4.0,4.0,FI,
,,,,,,,13.0,13.0,12.0,11.0,10.0,10.0,JP,
,,,,,,,1.0,3.0,3.0,3.0,4.0,3.0,JP,
,,,,,,,3.0,5.0,6.0,6.0,5.0,5.0,JP,
North Alan,1.0,2.0,2.0,6.0,1.0,,,,,,,,,
Oettl Peter,5.0,6.0,9.0,,7.0,,,,,,,,,
Oettl Philipp,1.0,1.0,1.0,1.0,2.0,,,,,,,,,
Okada Tadayuki,6.0,16.0,14.0,7.0,8.0,,,,,,,,,
Oliveira Miguel,16.0,13.0,11.0,5.0,12.0,,,,,,,,,
,,,,,,,1.0,1.0,2.0,2.0,3.0,3.0,FR,
,,,,,,,7.0,8.0,9.0,8.0,7.0,7.0,FR,
,,,,,,,1.0,2.0,3.0,3.0,3.0,3.0,JP,
,,,,,,,3.0,4.0,5.0,5.0,5.0,5.0,IT,
,,,,,,,1.0,2.0,2.0,3.0,3.0,3.0,ES,
Pagani Alberto,3.0,7.0,9.0,,,,,,,,,,,
Pagani Nello,4.0,2.0,5.0,,4.0,1.0,,,,,,,,
Palazzese Ivan,2.0,4.0,3.0,1.0,2.0,,,,,,,,,
,,,,,,,1.0,3.0,3.0,3.0,3.0,3.0,IT,
,,,,,,,8.0,9.0,9.0,9.0,8.0,8.0,IT,
Parlotti Gilberto,4.0,5.0,3.0,,8.0,,,,,,,,,
Pasini Mattia,12.0,8.0,10.0,19.0,6.0,,,,,,,,,
Pasolini Renzo,6.0,17.0,12.0,,7.0,,,,,,,,,
,,,,,,,3.0,4.0,5.0,5.0,5.0,5.0,US,
,,,,,,,3.0,4.0,5.0,5.0,5.0,5.0,FR,
,,,,,,,4.0,6.0,6.0,6.0,6.0,6.0,NL,
Pawi Khairul Idham,2.0,,,,1.0,,,,,,,,,
,,,,,,,6.0,7.0,8.0,8.0,7.0,7.0,ES,
Pedrosa Dani,54.0,52.0,47.0,49.0,64.0,3.0,,,,,,,,
,,,,,,,1.0,2.0,3.0,3.0,3.0,3.0,FI,
Perris Frank,3.0,8.0,7.0,,2.0,,,,,,,,,
Perugini Stefano,5.0,8.0,6.0,5.0,8.0,,,,,,,,,
Pesek Lukas,2.0,3.0,4.0,3.0,4.0,,,,,,,,,
,,,,,,,5.0,7.0,7.0,7.0,6.0,6.0,DE,
,,,,,,,1.0,3.0,3.0,3.0,4.0,3.0,GB,
Petrucci Danilo,2.0,4.0,4.0,,2.0,,,,,,,,,
,,,,,,,1.0,1.0,2.0,2.0,2.0,3.0,GB,
,,,,,,,52.0,35.0,25.0,22.0,21.0,18.0,GB,
,,,,,,,1.0,1.0,2.0,2.0,2.0,3.0,DE,
Phillis Tom,6.0,6.0,8.0,,9.0,1.0,,,,,,,,
,,,,,,,1.0,2.0,3.0,3.0,3.0,3.0,IT,
,,,,,,,5.0,7.0,7.0,7.0,6.0,6.0,IT,
,,,,,,,27.0,23.0,18.0,16.0,16.0,14.0,IT,
,,,,,,,2.0,3.0,4.0,4.0,4.0,4.0,FR,
Pirro Michele,1.0,1.0,1.0,,,,,,,,,,,
Poggiali Manuel,12.0,10.0,13.0,11.0,7.0,2.0,,,,,,,,
,,,,,,,15.0,14.0,13.0,11.0,12.0,11.0,ES,
Pons Sito,15.0,16.0,10.0,4.0,12.0,2.0,,,,,,,,
Porto Sebastian,7.0,7.0,5.0,11.0,8.0,,,,,,,,,
Prein Stefan,1.0,3.0,4.0,2.0,5.0,,,,,,,,,
Provini Tarquinio,20.0,10.0,9.0,,26.0,2.0,,,,,,,,
Puig Alberto,1.0,1.0,7.0,,1.0,,,,,,,,,
Quartararo Fabio,10.0,11.0,5.0,19.0,12.0,1.0,,,,,,,,
,,,,,,,1.0,1.0,2.0,2.0,2.0,2.0,IE,
Rabat Tito,13.0,10.0,13.0,16.0,11.0,1.0,,,,,,,,
Rainey Wayne,24.0,22.0,19.0,16.0,23.0,3.0,,,,,,,,
,,,,,,,20.0,17.0,16.0,14.0,13.0,13.0,DE,
,,,,,,,10.0,10.0,10.0,10.0,9.0,9.0,IE,
Ramirez Marcos,2.0,2.0,4.0,2.0,2.0,,,,,,,,,
,,,,,,,5.0,6.0,6.0,7.0,6.0,6.0,FR,
,,,,,,,13.0,13.0,12.0,11.0,10.0,10.0,US,
Raudies Dirk,14.0,6.0,3.0,8.0,9.0,1.0,,,,,,,,
,,,,,,,10.0,11.0,11.0,10.0,9.0,9.0,ES,
,,,,,,,6.0,8.0,8.0,8.0,7.0,7.0,,
,,,,,,,1.0,3.0,4.0,4.0,4.0,4.0,IE,
Read Phil,52.0,44.0,25.0,5.0,36.0,7.0,,,,,,,,
Redding Scott,4.0,5.0,9.0,3.0,5.0,,,,,,,,,
Redman Jim,45.0,33.0,20.0,,35.0,6.0,,,,,,,,
,,,,,,,7.0,8.0,8.0,8.0,7.0,7.0,IE,
Reggiani Loris,8.0,14.0,19.0,5.0,8.0,,,,,,,,,
,,,,,,,1.0,1.0,2.0,2.0,2.0,2.0,FR,
,,,,,,,3.0,5.0,5.0,6.0,5.0,5.0,DE,
Reitmaier Fritz,1.0,,,1.0,,,,,,,,,,
,,,,,,,1.0,2.0,3.0,3.0,3.0,3.0,IT,
,,,,,,,6.0,8.0,8.0,8.0,7.0,7.0,AU,
,,,,,,,6.0,8.0,8.0,8.0,7.0,7.0,IT,
,,,,,,,19.0,17.0,15.0,13.0,13.0,13.0,ES,
Ricci Fausto,1.0,,4.0,,,,,,,,,,,
Rins Alex,15.0,23.0,17.0,17.0,17.0,,,,,,,,,
Rittberger Herbert,4.0,8.0,2.0,1.0,,,,,,,,,,
Robb Tommy,3.0,7.0,18.0,,2.0,,,,,,,,,
,,,,,,,9.0,10.0,10.0,9.0,9.0,8.0,IT,
,,,,,,,4.0,5.0,6.0,6.0,5.0,5.0,IT,
Roberts Joe,1.0,1.0,3.0,1.0,,,,,,,,,,
Roberts Kenny,24.0,14.0,6.0,22.0,27.0,3.0,,,,,,,,
,,,,,,,1.0,3.0,4.0,4.0,4.0,4.0,NZ,
,,,,,,,10.0,10.0,10.0,10.0,9.0,9.0,GB,
,,,,,,,1.0,2.0,3.0,3.0,3.0,3.0,DE,
,,,,,,,1.0,1.0,2.0,2.0,3.0,3.0,CH,
Rolfo Roberto,4.0,10.0,6.0,,3.0,,,,,,,,,
,,,,,,,13.0,13.0,12.0,10.0,10.0,10.0,IT,
Romboni Doriano,6.0,6.0,10.0,7.0,4.0,,,,,,,,,
,,,,,,,1.0,1.0,2.0,2.0,2.0,3.0,IT,
Rossi Graziano,3.0,2.0,2.0,1.0,,,,,,,,,,
Rossi Louis,1.0,,,,,,,,,,,,,
Rossi Valentino,115.0,67.0,53.0,65.0,96.0,9.0,,,,,,,,
Roth Reinhold,3.0,8.0,4.0,2.0,3.0,,,,,,,,,
Rougerie Michel,3.0,7.0,7.0,6.0,2.0,,,,,,,,,
Ruffo Bruno,4.0,5.0,1.0,,6.0,3.0,,,,,,,,
Ruggia Jean Philippe,3.0,3.0,4.0,2.0,2.0,,,,,,,,,
,,,,,,,5.0,7.0,7.0,7.0,6.0,6.0,AT,
Rutter Tony,2.0,2.0,1.0,2.0,1.0,,,,,,,,,
Saarinen Jarno,15.0,7.0,10.0,,18.0,1.0,,,,,,,,
Sakata Kazuto,11.0,23.0,7.0,29.0,19.0,2.0,,,,,,,,
Sala Guido,1.0,,,1.0,,,,,,,,,,
Salom Luis,9.0,10.0,6.0,4.0,7.0,,,,,,,,,
,,,,,,,2.0,4.0,4.0,4.0,4.0,4.0,ES,
,,,,,,,9.0,10.0,10.0,9.0,9.0,8.0,GB,
Sandford Cecyl,5.0,5.0,11.0,,3.0,2.0,,,,,,,,
,,,,,,,7.0,8.0,9.0,8.0,7.0,7.0,DE,
Sanna Simone,3.0,3.0,3.0,,1.0,,,,,,,,,
,,,,,,,4.0,5.0,6.0,6.0,6.0,5.0,ES,
Sarron Christian,7.0,13.0,17.0,11.0,10.0,1.0,,,,,,,,
Sarron Dominique,4.0,4.0,8.0,7.0,3.0,,,,,,,,,
Saul Eric,2.0,2.0,4.0,1.0,1.0,,,,,,,,,
Scalvini Gianluigi,2.0,1.0,2.0,2.0,2.0,,,,,,,,,
Schneider Bert,1.0,2.0,5.0,,,,,,,,,,,
Schurgers Jos,1.0,4.0,6.0,,,,,,,,,,,
Schwantz Kevin,25.0,13.0,13.0,29.0,26.0,1.0,,,,,,,,
,,,,,,,4.0,5.0,6.0,6.0,5.0,5.0,GB,
,,,,,,,7.0,8.0,8.0,8.0,7.0,7.0,AR,
Selini Jean Claude,1.0,2.0,2.0,2.0,1.0,,,,,,,,,
,,,,,,,3.0,5.0,5.0,5.0,5.0,5.0,ES,
,,,,,,,6.0,8.0,8.0,8.0,7.0,7.0,ES,
,,,,,,,9.0,10.0,10.0,10.0,9.0,8.0,ES,
Sheene Barry,23.0,13.0,16.0,19.0,20.0,2.0,,,,,,,,
Shepherd Alan,2.0,9.0,9.0,,3.0,,,,,,,,,
,,,,,,,6.0,8.0,8.0,8.0,7.0,7.0,JP,
,,,,,,,1.0,2.0,2.0,3.0,3.0,3.0,JP,
,,,,,,,3.0,5.0,6.0,6.0,5.0,5.0,IT,
Simeon Xavier,1.0,2.0,1.0,2.0,1.0,,,,,,,,,
Simmonds Dave,11.0,6.0,5.0,,7.0,1.0,,,,,,,,
,,,,,,,1.0,2.0,3.0,3.0,3.0,3.0,NZ,
Simon Julian,8.0,11.0,7.0,10.0,12.0,1.0,,,,,,,,
Simoncelli Marco,14.0,6.0,11.0,15.0,9.0,1.0,,,,,,,,
,,,,,,,5.0,7.0,7.0,7.0,7.0,7.0,IT,
,,,,,,,3.0,5.0,6.0,6.0,5.0,5.0,IT,
,,,,,,,15.0,14.0,13.0,11.0,11.0,11.0,ES,
Smith Barry,4.0,2.0,4.0,,2.0,,,,,,,,,
Smith Bradley,3.0,10.0,12.0,9.0,5.0,,,,,,,,,
,,,,,,,1.0,1.0,2.0,2.0,3.0,3.0,TH,
Spaan Hans,9.0,5.0,7.0,9.0,5.0,,,,,,,,,
Spaggiari Bruno,1.0,2.0,1.0,,1.0,,,,,,,,,
Spencer Freddie,27.0,10.0,2.0,33.0,24.0,3.0,,,,,,,,
Spies Ben,1.0,2.0,3.0,1.0,1.0,,,,,,,,,
Stastny Franta,4.0,4.0,12.0,,1.0,,,,,,,,,
,,,,,,,7.0,8.0,9.0,8.0,7.0,7.0,DE,
,,,,,,,18.0,16.0,14.0,13.0,12.0,12.0,CH,
,,,,,,,1.0,2.0,2.0,2.0,3.0,3.0,DE,
,,,,,,,1.0,2.0,2.0,2.0,3.0,3.0,DE,
,,,,,,,5.0,6.0,6.0,7.0,6.0,6.0,IT,
,,,,,,,1.0,3.0,4.0,4.0,4.0,4.0,DE,
Stoellinger Edi,1.0,,,1.0,,,,,,,,,,
Stoner Casey,45.0,17.0,27.0,43.0,33.0,2.0,,,,,,,,
,,,,,,,2.0,3.0,4.0,4.0,4.0,4.0,GB,
Surtees John,38.0,4.0,3.0,,34.0,7.0,,,,,,,,
Suzuki Tatsuki,2.0,1.0,1.0,6.0,3.0,,,,,,,,,
,,,,,,,1.0,2.0,2.0,3.0,3.0,3.0,JP,
,,,,,,,6.0,7.0,8.0,8.0,7.0,7.0,JP,
Taira Tadahiko,1.0,1.0,2.0,1.0,,,,,,,,,,
,,,,,,,2.0,3.0,4.0,4.0,4.0,4.0,JP,
Takahashi Kuninitsu,4.0,3.0,7.0,,3.0,,,,,,,,,
Takahashi Yuki,3.0,4.0,4.0,,,,,,,,,,,
,,,,,,,11.0,11.0,11.0,10.0,9.0,9.0,JP,
,,,,,,,5.0,6.0,7.0,7.0,6.0,6.0,JP,
Talmacsi Gabor,9.0,8.0,9.0,11.0,9.0,1.0,,,,,,,,
Tamada Makoto,2.0,1.0,2.0,3.0,2.0,,,,,,,,,
Tanaka Kenjiro,1.0,1.0,2.0,,,,,,,,,,,
,,,,,,,20.0,17.0,15.0,14.0,13.0,13.0,IT,
,,,,,,,2.0,4.0,4.0,4.0,4.0,4.0,JP,
Taveri Luigi,30.0,33.0,26.0,,28.0,3.0,,,,,,,,
Terol Nicolas,16.0,17.0,6.0,9.0,8.0,1.0,,,,,,,,
,,,,,,,1.0,1.0,2.0,2.0,2.0,2.0,JP,
,,,,,,,17.0,15.0,13.0,12.0,12.0,11.0,JP,
,,,,,,,8.0,10.0,9.0,9.0,8.0,8.0,FI,
,,,,,,,3.0,5.0,5.0,6.0,5.0,5.0,NL,
,,,,,,,17.0,15.0,13.0,12.0,12.0,11.0,CH,
Timmer Theo,3.0,4.0,5.0,,,,,,,,,,,
,,,,,,,13.0,13.0,12.0,11.0,10.0,10.0,ES,
Toba Kaito,1.0,1.0,2.0,,1.0,,,,,,,,,
Toersen Aalt,6.0,1.0,6.0,,5.0,,,,,,,,,
,,,,,,,5.0,7.0,7.0,7.0,6.0,6.0,JP,
Tokudome Masaki,5.0,3.0,3.0,5.0,3.0,,,,,,,,,
,,,,,,,2.0,3.0,4.0,4.0,4.0,4.0,IE,
,,,,,,,6.0,7.0,8.0,8.0,7.0,7.0,AU,
Tomizawa Shoya,1.0,1.0,,2.0,,,,,,,,,,
,,,,,,,3.0,4.0,5.0,5.0,5.0,5.0,IE,
,,,,,,,2.0,3.0,4.0,4.0,4.0,4.0,GB,
,,,,,,,6.0,7.0,7.0,8.0,7.0,7.0,JP,
,,,,,,,1.0,2.0,2.0,2.0,3.0,3.0,JP,
,,,,,,,17.0,15.0,14.0,12.0,12.0,12.0,ES,
,,,,,,,4.0,5.0,6.0,6.0,6.0,5.0,IT,
,,,,,,,1.0,1.0,2.0,2.0,2.0,3.0,GB,
,,,,,,,2.0,3.0,4.0,4.0,4.0,4.0,GB,
Tormo Ricardo,19.0,11.0,6.0,23.0,4.0,2.0,,,,,,,,
Torres Jordi,1.0,1.0,1.0,,1.0,,,,,,,,,
Torrontegui Herri,2.0,,4.0,,1.0,,,,,,,,,
Tournadre Jean Louis,1.0,4.0,4.0,,2.0,1.0,,,,,,,,
,,,,,,,1.0,2.0,2.0,3.0,3.0,3.0,AU,
Ubbiali Carlo,39.0,20.0,9.0,,34.0,9.0,,,,,,,,
Ueda Noboru,13.0,12.0,14.0,19.0,11.0,,,,,,,,,
Ui Youichi,11.0,6.0,5.0,17.0,9.0,,,,,,,,,
Ukawa Tohru,5.0,17.0,17.0,3.0,5.0,,,,,,,,,
,,,,,,,1.0,2.0,3.0,3.0,3.0,3.0,CH,
,,,,,,,6.0,7.0,7.0,8.0,7.0,7.0,IT,
Uncini Franco,7.0,5.0,9.0,8.0,3.0,1.0,,,,,,,,
,,,,,,,115.0,52.0,47.0,38.0,30.0,21.0,IT,
Van Dongen Cees,1.0,,4.0,,,,,,,,,,,
Van Dulmen Boet,1.0,2.0,1.0,1.0,,,,,,,,,,
Van Kessel Henk,7.0,9.0,9.0,4.0,,1.0,,,,,,,,
Vazquez Efren,2.0,6.0,8.0,1.0,4.0,,,,,,,,,
Venturi Remo,1.0,14.0,7.0,,3.0,,,,,,,,,
Vermeulen Chris,1.0,3.0,3.0,3.0,1.0,,,,,,,,,
,,,,,,,1.0,2.0,3.0,3.0,3.0,3.0,ES,
Vietti Celestino,4.0,3.0,5.0,2.0,4.0,,,,,,,,,
Villa Walter,24.0,6.0,6.0,21.0,20.0,4.0,,,,,,,,
Vincent Arnaud,7.0,8.0,4.0,4.0,1.0,1.0,,,,,,,,
,,,,,,,2.0,3.0,4.0,4.0,4.0,4.0,IT,
Vitali Maurizio,2.0,2.0,3.0,5.0,1.0,,,,,,,,,
Viñales Maverick,25.0,23.0,20.0,24.0,22.0,1.0,,,,,,,,
Waibel Gerhard,4.0,2.0,5.0,1.0,,,,,,,,,,
Waldmann Ralf,20.0,15.0,15.0,10.0,16.0,,,,,,,,,
,,,,,,,24.0,20.0,17.0,15.0,14.0,14.0,IT,
,,,,,,,18.0,16.0,14.0,12.0,12.0,12.0,AU,
,,,,,,,24.0,20.0,17.0,15.0,15.0,14.0,US,
,,,,,,,11.0,11.0,11.0,10.0,9.0,9.0,DE,
West Anthony,2.0,2.0,2.0,,1.0,,,,,,,,,
Wheeler Arthur,2.0,,2.0,,2.0,,,,,,,,,
,,,,,,,5.0,6.0,7.0,7.0,6.0,6.0,NL,
,,,,,,,1.0,2.0,3.0,3.0,3.0,3.0,NL,
,,,,,,,2.0,4.0,4.0,5.0,4.0,4.0,GB,
Williams Charlie,3.0,2.0,,,2.0,,,,,,,,,
Williams John,1.0,2.0,5.0,,1.0,,,,,,,,,
Williams Peter,1.0,8.0,2.0,1.0,2.0,,,,,,,,,
Wimmer Martin,3.0,6.0,7.0,8.0,8.0,,,,,,,,,
Wood Tommy,2.0,3.0,1.0,,2.0,,,,,,,,,
,,,,,,,1.0,2.0,2.0,2.0,3.0,3.0,ES,
,,,,,,,1.0,2.0,3.0,3.0,3.0,3.0,BE,
,,,,,,,4.0,6.0,6.0,6.0,6.0,6.0,JP,
,,,,,,,11.0,11.0,11.0,10.0,9.0,9.0,JP,
,,,,,,,3.0,4.0,5.0,5.0,5.0,5.0,JP,
Zarco Johann,16.0,22.0,16.0,26.0,19.0,2.0,,,,,,,,
Zeelenberg Wilco,1.0,1.0,9.0,1.0,1.0,,,,,,,,,
Öncü Can,1.0,,,1.0,,,,,,,,,,
